UnbondHeight,UnbondTime,Validator,Stake
6393246,2026-02-12 10:29:30 UTC,pc1p984959rp329mpl3vgytt3xw9rjx3fet9cmwd7m,540
6371813,2026-02-09 22:57:20 UTC,pc1pnxszphq25rw6uq026f7wjmqzdqr8kz4nf5j6kz,1000
6371795,2026-02-09 22:54:20 UTC,pc1pn2hdh2syuw7464s5667cqaeuewd5e8j0ld8zux,1000
6371795,2026-02-09 22:54:20 UTC,pc1pme7llzkvssudeyfxfrw5hpdjty9pqc33xusp24,1000
6371794,2026-02-09 22:54:10 UTC,pc1p37m03dgtlxlasp3a9hzqr6zha6re9wy9ffvuya,1000
6371793,2026-02-09 22:54:00 UTC,pc1pzafutvw403nszrplu46f2m3hhnl2hrghvttnyh,1000
6371793,2026-02-09 22:54:00 UTC,pc1p82vr7dkq6lq6np3p983qf5rsln9tgttnw4mcrg,1000
6371792,2026-02-09 22:53:50 UTC,pc1put6kszwuwtf43a9ceknynk5rs2aq6dcke0zk4k,1000
6371791,2026-02-09 22:53:40 UTC,pc1pchgrdnecfrq7f6pafha5ngxckcdu6rvrqrj89g,1000
6371791,2026-02-09 22:53:40 UTC,pc1pdwa3pp62sa8j2gkl65se9xe6wnwu3ujey6yrd8,1000
6371790,2026-02-09 22:53:30 UTC,pc1pc6znytsgh709ajw73mka4enaw3trpn4tpjykjs,1000
6371789,2026-02-09 22:53:20 UTC,pc1p594gtckg8dqf2nn8x56maz7dnxs6tzxvx38lza,1000
6371789,2026-02-09 22:53:20 UTC,pc1pyryhay78mxd9ruqq2kwg9gs2k6c52388zlqvxp,1000
6371788,2026-02-09 22:53:10 UTC,pc1pzgrj87nmtun6x6n7ga9vkxggdqgx2lx9mry695,1000
6371787,2026-02-09 22:53:00 UTC,pc1pdpamu32a54msak326zw3k2d55hagch9ykhr4h3,1000
6371783,2026-02-09 22:52:20 UTC,pc1pr9qxd20gvegumudynx65904z0w3wketp9d4qz8,1000
6371783,2026-02-09 22:52:20 UTC,pc1pmv5tfrspervej297g8u8mkj73lrdxxs0c4yv5p,1000
6371782,2026-02-09 22:52:10 UTC,pc1pq4xrfvdczegd2c0qkknmvgjp58rnhjgpr4ah0l,1000
6371781,2026-02-09 22:52:00 UTC,pc1p32lccu806zqkechln554fmf5kuv0rz2yxftmy9,1000
6371781,2026-02-09 22:52:00 UTC,pc1p99r6kje89g9pmhfnyamr4tx42qesf99ljmjva0,1000
6371780,2026-02-09 22:51:50 UTC,pc1p2gusemzm2kql6nagvm8ja92373cup03rsxsz6m,1000
6371779,2026-02-09 22:51:40 UTC,pc1puaemrs6wtr0zy558ldhrzx0gq7awkkf86r5ze3,1000
6371778,2026-02-09 22:51:30 UTC,pc1pmk05039sefm9vurc5e4uph6kkhpyg0qlda3njp,1000
6371778,2026-02-09 22:51:30 UTC,pc1pf8us4zvysn30g2wga858t293aqj78lf34e6xa4,1000
6371777,2026-02-09 22:51:20 UTC,pc1pdagvm5tahhy7jjmt7g9w36c6la3apkhqjl9mjg,1000
6371776,2026-02-09 22:51:10 UTC,pc1pcu9uel528vyud5vgd9ylda27uf3fgy3gfjnw7l,1000
6371776,2026-02-09 22:51:10 UTC,pc1p3fxuygy6wqj2tve04mjqwsvgq3ynna4adnvgpu,1000
6371775,2026-02-09 22:51:00 UTC,pc1pwhlnxquhey8vvnfhmc8jlqlqruhsp29xvp4kd4,1000
6371774,2026-02-09 22:50:50 UTC,pc1pn9nndveerh30vxckapwy4g673m2unc9f8xc3xw,1000
6371774,2026-02-09 22:50:50 UTC,pc1pj3nmts0ylsr3n9vjzdtj0qm3p4pv58e2rrt9kt,1000
6371773,2026-02-09 22:50:40 UTC,pc1pukkxhfjwl6e0tzwepw3h6nwhs79npc7ac245mr,1000
6371772,2026-02-09 22:50:30 UTC,pc1pyl8c5tu8tlr7n9kaq8ly6fnzluem2cp9l7kgxw,1000
6371772,2026-02-09 22:50:30 UTC,pc1pvhr0ra66pcgnu2a7vfdyqe54wz0dtqpe3rx3ve,1000
6371085,2026-02-09 20:56:00 UTC,pc1pfa09hfanvl5dt2cns3w57gm6pj5rjcfwfjdd3k,1000
6371085,2026-02-09 20:56:00 UTC,pc1pfn56h43hk6j8mhuz9yrkkntu2pa8sgkam08faq,1000
6371084,2026-02-09 20:55:50 UTC,pc1pgzsknt5pn7fng49futr6nmszewvdpnwehtyn7v,1000
6371083,2026-02-09 20:55:40 UTC,pc1pwq39tkuwm77l7456lkwd0dp6058v8yqrje9dvu,1000
6371083,2026-02-09 20:55:40 UTC,pc1p0ar7pcj5ryz46stvwzt0xd7c0tnac20xsqzf27,1000
6371082,2026-02-09 20:55:30 UTC,pc1pukn4s62zxxsse7kw3eus9ylq4l2x3jrxpcl8n3,1000
6371081,2026-02-09 20:55:20 UTC,pc1p47qcfr74csfc8j83xsqn6req666n2frw3r9qu0,1000
6371081,2026-02-09 20:55:20 UTC,pc1p6fmqya2hmfxwuqkl0ttugj293hfpx8zasdzg45,1000
6371080,2026-02-09 20:55:10 UTC,pc1p0xn0uc04uf7sunde6p2ygprj55ewlsx22y9eza,1000
6371080,2026-02-09 20:55:10 UTC,pc1p4hhsua7542n502tljzs95yp7gzwfpgc0kqks5l,1000
6371079,2026-02-09 20:55:00 UTC,pc1phng0j94xg9m758k45uqgj5pgah07tuacvag2sj,1000
6371078,2026-02-09 20:54:50 UTC,pc1p2sp4yt5h65t3da094drkxlhyx0qq55pthw8ady,1000
6371078,2026-02-09 20:54:50 UTC,pc1psuk0slrwg7j8lqtwrvqeae9ul5fqq5ku0zay9a,1000
6371077,2026-02-09 20:54:40 UTC,pc1plaww92wyf4pv9ek9fe7txysqsf579g36z8fupd,1000
6371077,2026-02-09 20:54:40 UTC,pc1pzvwu56nxk2yvlpf38zg8lp3a659scpkcxsuxrf,1000
6371076,2026-02-09 20:54:30 UTC,pc1p24wlgnjmja2u04vczg08c3cngglvuusgpr8wp4,1000
6371075,2026-02-09 20:54:20 UTC,pc1pk2ctde88aly9m48xfdmt6sd0dg5jdkx40zraqu,1000
6371075,2026-02-09 20:54:20 UTC,pc1pze4ey7dh6du6n7qr9243khhgdqsnzldz6df80q,1000
6371074,2026-02-09 20:54:10 UTC,pc1pp8c689hpu49ptkge0xxpmkjy5kqpym0tw9d2kn,1000
6371073,2026-02-09 20:54:00 UTC,pc1p7cgx66qkqdekezy6eqpkc7drx8fc2ycl2jx2jj,1000
6371073,2026-02-09 20:54:00 UTC,pc1p6qk93p6xyr9h5l5drsgpl70v0jqj3qv72zedds,1000
6371072,2026-02-09 20:53:50 UTC,pc1ptq50hqdvpc00c8r4g2f77jhsrrhledt4489qgu,1000
6371072,2026-02-09 20:53:50 UTC,pc1p5ugm0fhu6zax9ks2f3q6xtsrj4q5dk4fuag7dw,1000
6371071,2026-02-09 20:53:40 UTC,pc1p53hyw389ddr3q08shdyapf2c4hrweah0mp0j3x,1000
6371070,2026-02-09 20:53:30 UTC,pc1pnqpmfjamhp485tc9gtpg7g9aw6hu3vdvgdttrh,1000
6371070,2026-02-09 20:53:30 UTC,pc1p0lt7grtza3wprsrxpw6guql8t4qx8kuxxdrquf,1000
6371069,2026-02-09 20:53:20 UTC,pc1pqzke50w2mm72v6l5n8977pgd3n5xpjrea2u7t3,1000
6371068,2026-02-09 20:53:10 UTC,pc1pvev94rnde326artdhrkt69g45g79yrw9k6cfvq,1000
6371068,2026-02-09 20:53:10 UTC,pc1pgef7ewsj969aakus2s4lflpyu2vqkxjye34llc,1000
6371067,2026-02-09 20:53:00 UTC,pc1pdvkw5van35xusf702szvfqgpc5j7mz987jfqlg,1000
6371066,2026-02-09 20:52:50 UTC,pc1phuu4ef3e2pvtx9n58e274xrqhhjddwlst8ukj8,1000
6371066,2026-02-09 20:52:50 UTC,pc1p3a77alasve5uwrfagdxsuqqf00qp9jtxn78pfj,1000
6371038,2026-02-09 20:48:10 UTC,pc1p3ezq4mm3r6wupnqwvh294smvuys5tv56yut4ae,1000
6371038,2026-02-09 20:48:10 UTC,pc1pac7ru7cy6mhlls97n05lz3ca0490q093lm04xn,1000
6371037,2026-02-09 20:48:00 UTC,pc1pmn9rx9l4mhxqx8mms9q726zqhcdh3lcpq0jxjc,1000
6371037,2026-02-09 20:48:00 UTC,pc1pa5f9vaq3neasrprqgl43xa3ve4lhhc3jf2d239,1000
6371036,2026-02-09 20:47:50 UTC,pc1pk8ykdxm0f94fdv599akshzd4rcfcydwshqnm4l,1000
6371035,2026-02-09 20:47:40 UTC,pc1pwp2mh30vzpjqcnxp6t7laqe5p9nhekwcqvmyum,1000
6371035,2026-02-09 20:47:40 UTC,pc1pxwf5hr0gv84fzvynkcmwkerajx4aevkkfj5qqe,1000
6371034,2026-02-09 20:47:30 UTC,pc1pwxdavrnm8q4yzxynknr5wx8tmsmxxtftkug74c,1000
6371033,2026-02-09 20:47:20 UTC,pc1plsg4auh9nk7ayftty7h8ru23x6dkfryqlp5urs,1000
6371033,2026-02-09 20:47:20 UTC,pc1pgcnme4fw93alpw035wfxv5c928xfa5lzf6twp5,1000
6371032,2026-02-09 20:47:10 UTC,pc1payns67ywhjqt8m36859zmn5al4swp3h9deqr8k,1000
6371032,2026-02-09 20:47:10 UTC,pc1pdqlvpz05pcx03jjz93dhqzy22ngwtzz8t66pn5,1000
6371031,2026-02-09 20:47:00 UTC,pc1pmh2fjkes83wduvwlwrwu7axuyw4mw55mfwh0hl,1000
6371030,2026-02-09 20:46:50 UTC,pc1p0srayqh4xl3ettcav4a2uqx80fq0xypdl85nqn,1000
6371029,2026-02-09 20:46:40 UTC,pc1pk83qemppaa22kkvk665pgv8kn5x9pscmhaf8j7,1000
6371029,2026-02-09 20:46:40 UTC,pc1pw7jazule24xx0t3rtuqrjkgps8gcg8g4u46kvs,1000
6371028,2026-02-09 20:46:30 UTC,pc1pzg00dm6dyuvk2zv25azwt6srjulh6ln9dnxl4x,1000
6371027,2026-02-09 20:46:20 UTC,pc1p4eq5dz0k6fnzs7gunr294r9yvgldgwjvfxv5d9,1000
6371027,2026-02-09 20:46:20 UTC,pc1plux0wxnxl5ug90z70kljssdsx6gp4qgmu5tf7x,1000
6371026,2026-02-09 20:46:10 UTC,pc1pzfe9279khe2l5mhx2e0zpwehwgzz5zy07v8589,1000
6371026,2026-02-09 20:46:10 UTC,pc1pgsnetq8cc52a6aw5qyqnrnw20qxt5ux8y98l7t,1000
6371024,2026-02-09 20:45:50 UTC,pc1pfrycrj9adrga7kjlum3vw8pq98l5t67k0stj73,1000
6371024,2026-02-09 20:45:50 UTC,pc1pvw59v2x5py5062j2nwltwvsx6huwjsagl536hg,1000
6371024,2026-02-09 20:45:50 UTC,pc1pnycrr0mfxren5gflcjlghasx4tqzjf55lhjaej,1000
6371023,2026-02-09 20:45:40 UTC,pc1pt3q4grtfxskqql8fkxlm73zuexfql7y7qq4e6m,1000
6371020,2026-02-09 20:45:10 UTC,pc1p73dw8q3x8rmpf96zlw9pxk3kkhffda5wpnjuva,1000
6371020,2026-02-09 20:45:10 UTC,pc1phu6l2smrl0fu8gej9ze7h2p9y736wd9rtpq8kc,1000
6371019,2026-02-09 20:45:00 UTC,pc1pwnnzm3ncgz888qkyd5v40hgkv9ukcqxwmujc3k,1000
6371018,2026-02-09 20:44:50 UTC,pc1phdktahluf5xwzsqd48g7umz35lxj3xf0g964zz,1000
6371018,2026-02-09 20:44:50 UTC,pc1pmua5rhzy70g9vxsz2v0qz3jnppjh2k7cctv9g4,1000
6371017,2026-02-09 20:44:40 UTC,pc1pq8atkyts47m95q44pc425tkkdhl5xssqqlmp6a,1000
6371017,2026-02-09 20:44:40 UTC,pc1peeytkcux7ydkam4q0v387jzq2t7hum9sg2zwqg,1000
6370989,2026-02-09 20:40:00 UTC,pc1pvsvzuvpkyq3yfn35mmzeh2txxev3w57efg3fd4,1000
6370988,2026-02-09 20:39:50 UTC,pc1p7p762hzg2rghqc5s0q5u3yqmvlmtdup2u6walg,1000
6370988,2026-02-09 20:39:50 UTC,pc1pa4fh77ytkuj8p66cvz54lc5r8m4yctgxz3trjr,1000
6370987,2026-02-09 20:39:40 UTC,pc1pjrk2pkvzsgk5l2rwrtvkv9l8yxeypkqrtyem8n,1000
6370986,2026-02-09 20:39:30 UTC,pc1pfkhjxypsxhl4ghwn232t5pqrw8jph4t9xxuelm,1000
6370986,2026-02-09 20:39:30 UTC,pc1pwh8f8vp4wzhapdlhq9k8cssz9z83qcd7e2hju5,1000
6370985,2026-02-09 20:39:20 UTC,pc1py9m972n60ztj7c90vtsgzau2xhgjfn3q2dggdg,1000
6370984,2026-02-09 20:39:10 UTC,pc1pas3pmw4azfgcehykkgjuuuwumennvp3p2rszx2,1000
6370984,2026-02-09 20:39:10 UTC,pc1pz6jetg4r24yhgcwwhh6w3g2qle6p89j55txn5q,1000
6370983,2026-02-09 20:39:00 UTC,pc1pul46u2f36snrv3vennguce9scsnqwalrctkfaq,1000
6370983,2026-02-09 20:39:00 UTC,pc1pcu8qvner4zelu4l5ftynswauxyj3h3yngurfl9,1000
6370982,2026-02-09 20:38:50 UTC,pc1pxu6wycwy2st5x7q7qgmjxc3hx6zyrhjszmf2qy,1000
6370981,2026-02-09 20:38:40 UTC,pc1p46nrfdej4jjzncxsmys5cs62s6c06qcdffzxy0,1000
6370981,2026-02-09 20:38:40 UTC,pc1prykkqufmupyr9vf7fkwr3ja03ktmdgumdgmsu6,1000
6370980,2026-02-09 20:38:30 UTC,pc1pcckun203e9yuxnea5p4tw9vjldd747ufmajmng,1000
6370980,2026-02-09 20:38:30 UTC,pc1p4nj068u0kp9x26d783mhaete7se90agn8zpyrq,1000
6370979,2026-02-09 20:38:20 UTC,pc1pdvxhpgv9c7qgkalyl2yp0k8mctk9cknu530fl2,1000
6370978,2026-02-09 20:38:10 UTC,pc1pt8kmm9gz8fe3j76ldqwc48w2ajeezkeq5uzv6g,1000
6370978,2026-02-09 20:38:10 UTC,pc1pjg6sjyx996dnggumfuznrmw9qvfjj4n3n0qps9,1000
6370977,2026-02-09 20:38:00 UTC,pc1pl6n9c7nma8xc9xs3slvx54f4nveukdet2qeyv8,1000
6370977,2026-02-09 20:38:00 UTC,pc1pf9eakedtch5gu33zyhzh9u7e875mceafuqpz74,1000
6370976,2026-02-09 20:37:50 UTC,pc1p3exvmchz8l88k0ln2nxr3t9cnhwx3jxw96pnls,1000
6370975,2026-02-09 20:37:40 UTC,pc1pfp0q86ewm3mpcn0t52990uagj3gt5fr3zckmd0,1000
6369319,2026-02-09 16:01:40 UTC,pc1pf27rwt777cx4aj2nvj8kukjymrxguj8muml00x,1000
6369318,2026-02-09 16:01:30 UTC,pc1ps0jfecjuvhsn8y0yl7cc5p2jcd8rhad0d9r62u,1000
6369318,2026-02-09 16:01:30 UTC,pc1p0hekdwj9vatq54e2q2q2ragmfetaerysxcmcuw,1000
6369317,2026-02-09 16:01:20 UTC,pc1pph5edf30sgkk4mv6ll7k2glkwgpun5em2a258v,1000
6369316,2026-02-09 16:01:10 UTC,pc1pxv48kf0wageqtwecvwz82m53e8xyy726ntg5rj,1000
6369316,2026-02-09 16:01:10 UTC,pc1pzzs6lgslpee573w4yynx4948fn5ulacmelnx7z,1000
6369315,2026-02-09 16:01:00 UTC,pc1pvyqjd73fg5yg5ppqc5x967jxnar64hx54h9459,1000
6369314,2026-02-09 16:00:50 UTC,pc1pqj7jahnm0jfvq33wr6td0998594fmynlnh2u6d,1000
6369314,2026-02-09 16:00:50 UTC,pc1pjxje5wm7nnrwn538glhhstkp8c4lau7f03vn4h,1000
6369313,2026-02-09 16:00:40 UTC,pc1pml32u3s986tt5waf3qepuewqsw9qqvke9nd88d,1000
6369312,2026-02-09 16:00:30 UTC,pc1putxjzqqajdqtqpx8587fa6uu335e3cv6vfuh3j,1000
6369312,2026-02-09 16:00:30 UTC,pc1pp4trh68gw8pa48t3hcmen5d0sfgm7ejeheek7l,1000
6369311,2026-02-09 16:00:20 UTC,pc1p3vxa48rrjr92wcxuaapw5aj5srg6wsrfnermxt,1000
6369311,2026-02-09 16:00:20 UTC,pc1puptqpz9uha4527cx2q83tvf9hcf2s44lux20rz,1000
6369310,2026-02-09 16:00:10 UTC,pc1p2sludkthv40a86arnuwk029tycp9upw5xjxs8d,1000
6369309,2026-02-09 16:00:00 UTC,pc1p9dwhvmy0jmwn690psrr4u0yy4n005685elmuce,1000
6369309,2026-02-09 16:00:00 UTC,pc1pg0rpr2nx6spsxf0wlv0pkcfdx3tt8l8z6h2yxf,1000
6369308,2026-02-09 15:59:50 UTC,pc1pfrm9ftd8lswcm82mdj0aj04wk6cnw5vq0jtytu,1000
6369308,2026-02-09 15:59:50 UTC,pc1p20062mx2gtnqedpl4wqmjn5yhdnvqx4j7v93q5,1000
6369307,2026-02-09 15:59:40 UTC,pc1ph0anttjmj3fxcr8250gf3xm3a2awmzjqpzzxl9,1000
6369306,2026-02-09 15:59:30 UTC,pc1px57jvvrt02au9u06zzhz0erey454hcs5flh3q5,1000
6369306,2026-02-09 15:59:30 UTC,pc1padhv85h3fcwqcn6dc7l2m4jfuxxnzd5epgj775,1000
6369305,2026-02-09 15:59:20 UTC,pc1p960eaegf93lpje747l4hq5pxlpxg77zrsn6sl7,1000
6369305,2026-02-09 15:59:20 UTC,pc1p6rtd7c0t6wtwzpuvhv6f8zd5pfr7vl2f9kq0s6,1000
6369304,2026-02-09 15:59:10 UTC,pc1pcrl6hu9f56z0z0gjj3gwvke7g8suxc8z9g4h2g,1000
6369304,2026-02-09 15:59:10 UTC,pc1pgy82mvhgvapy42vulknlwcsdgfcsrarn8u7ldp,1000
6369303,2026-02-09 15:59:00 UTC,pc1ptnv2tttl2nzl95myeyv4f2n806xgx5e3l8ahqk,1000
6369302,2026-02-09 15:58:50 UTC,pc1p9q0h6zr30d8wyrlw3x0te0c9vezfg2u0jfzple,1000
6369302,2026-02-09 15:58:50 UTC,pc1ptz773qv7dq69ck6qtujtfhxrhqjltp60sxv9ee,1000
6369301,2026-02-09 15:58:40 UTC,pc1phst5ezt905fzswdvcxpfghr9apyns0zsyhfush,1000
6369301,2026-02-09 15:58:40 UTC,pc1p4thk4u5pmjf54q4vrwlhalnxrv6cywmxazd5rx,1000
6369300,2026-02-09 15:58:30 UTC,pc1paze0vvtzkryqcvy7r4j4gtuwmnge7s4y3pe4yn,1000
6369242,2026-02-09 15:48:50 UTC,pc1p7ezkse2vp68l7p9kshajds0rk5dcsaxwvapjpe,1000
6369241,2026-02-09 15:48:40 UTC,pc1pp7rx42jzn46cadk6069s0sa44nlxfqt6n9pkyz,1000
6369240,2026-02-09 15:48:30 UTC,pc1pxu6vdjfgn9fqxxt0pfjqlv9ldxwpkzfq6y489j,1000
6369240,2026-02-09 15:48:30 UTC,pc1ps3u02z9zty6rg9cl9f7a76a90lapefflhnljtf,1000
6369239,2026-02-09 15:48:20 UTC,pc1p2nejlrkx2gx2dj7ze5nzt84669w2fd8t2kdxcn,1000
6369238,2026-02-09 15:48:10 UTC,pc1p6zdpzlwmtjmkw0ux8z7vtl0fdf9txxnj97mfv3,1000
6369238,2026-02-09 15:48:10 UTC,pc1pzwd8waunclhaugf2av64c4ymw4j58hvyl34aj0,1000
6369237,2026-02-09 15:48:00 UTC,pc1pnv4cw9r9xljac5vd785pm5kkr2knawznys7ej4,1000
6369236,2026-02-09 15:47:50 UTC,pc1p3tkxrldw480l4yadvm45r94wlcqgqdf6py8rnh,1000
6369236,2026-02-09 15:47:50 UTC,pc1pvgjq4kuz9pfzl8zlar7p7zqvkje0tp2fct32sl,1000
6369235,2026-02-09 15:47:40 UTC,pc1pvpntvvz7rrzn273kkmglslq0ue2x9ywl72yj40,1000
6369234,2026-02-09 15:47:30 UTC,pc1p9v7vcsnfvnsq9hp7letefakw378wghdqgphahx,1000
6369234,2026-02-09 15:47:30 UTC,pc1pjq6nrrjau9w0jh04yfqh6arackz8m7a3m2ly96,1000
6369233,2026-02-09 15:47:20 UTC,pc1p3ce8g5jqf7kdzytxy3yqkm5ujtw8qlwh8vyrhp,1000
6369232,2026-02-09 15:47:10 UTC,pc1pp8ef3tj83pc67sv60s8yx3papkfv0q023txsj7,1000
6369232,2026-02-09 15:47:10 UTC,pc1pejrcpwd2s53mwkysvqlv868t58chxy9jtt9ltr,1000
6369231,2026-02-09 15:47:00 UTC,pc1pysm4u636exeu74umf2d20mw50pp74rzhs4w07z,1000
6369230,2026-02-09 15:46:50 UTC,pc1pfhdeyp0py2nweukk50ffdyhhchnqxqydfke898,1000
6369230,2026-02-09 15:46:50 UTC,pc1prqr0x929nykzvhe9err2ugdkhhsksd3ltd9g43,1000
6369229,2026-02-09 15:46:40 UTC,pc1ptzk7lwxl5hex72lngqytkr737tzxrz2azr48nm,1000
6369228,2026-02-09 15:46:30 UTC,pc1pqwqv72cy6eh2nlhq6ugjfmn562wasfqkpstuqs,1000
6369228,2026-02-09 15:46:30 UTC,pc1pw9p9q8s23tz4xwcn6yzzasuu6n42mr9y397vqj,1000
6369227,2026-02-09 15:46:20 UTC,pc1p5p2t8vnemkwyhy0knwyfelx5dzxn444hx9e9lv,1000
6369227,2026-02-09 15:46:20 UTC,pc1p092alhw9qsg3hewf2rq7dmw5r5wtxcmy2xwy8k,1000
6369226,2026-02-09 15:46:10 UTC,pc1purzf8xe5mc2rgkztkkxean8gwn8q3x9p5a2jaz,1000
6369225,2026-02-09 15:46:00 UTC,pc1p34clgyafp8wmusl0gcama58p7vzn4djnr07syr,1000
6369225,2026-02-09 15:46:00 UTC,pc1p883kzezg50qw7pcpdh3fzf2n5j3uz798p2z4xe,1000
6369224,2026-02-09 15:45:50 UTC,pc1pcs6pjpnyeykakqtllnlllhu0gps8qst2se52k7,1000
6369224,2026-02-09 15:45:50 UTC,pc1pqryn8czy3nu65hj4pgdaj232uphalycl4szm5p,1000
6369223,2026-02-09 15:45:40 UTC,pc1p923kskh38j69gjshwsw30qf0tfzsgcaw8v0fs7,1000
6369222,2026-02-09 15:45:30 UTC,pc1pxvw864u0cve4ywgl55udsla7p687k7hj9ss37s,1000
6369222,2026-02-09 15:45:30 UTC,pc1pl5rlr4l9lyenpx7zt5507m9h2y5wzxht2ld0mn,1000
6363448,2026-02-08 23:43:10 UTC,pc1pvnetj2xlr4a6zd7k4lgu3jskqd949x6ysemyw0,1000
6363447,2026-02-08 23:43:00 UTC,pc1pgtzu2aam4qv08h4k8hzmhthsff6vcj4qtqj37l,1000
6363446,2026-02-08 23:42:50 UTC,pc1psxy3tprh4tcp8u5s9fq0t0c44enj6rhqvj5eae,1000
6363446,2026-02-08 23:42:50 UTC,pc1p3r86tdmur7782uvuv5c9dwptpd6scr69l5l2sk,1000
6363445,2026-02-08 23:42:40 UTC,pc1p5nlknp2upj6cehfun83d0hwvp6wyzhxym6y5fq,1000
6363444,2026-02-08 23:42:30 UTC,pc1ppgu702kpvs7d8xx3dqdlrgnw5jcujcv9agpmmk,1000
6363444,2026-02-08 23:42:30 UTC,pc1per5d404ym2cx42xatwm4d6q375kdg5pnm64q7h,1000
6363443,2026-02-08 23:42:20 UTC,pc1pxq3zgse4mhd04k9xhh72x07nfx393x0q4p5hp2,1000
6363442,2026-02-08 23:42:10 UTC,pc1pr0jdgqtjzj22vewmz5x26nmcthv7vyqp6y4kuv,1000
6363442,2026-02-08 23:42:10 UTC,pc1pk0cvkcjypnurkrxqkmk7a0nkjfhn730udrxmkq,1000
6363441,2026-02-08 23:42:00 UTC,pc1p3282p39kv32e3yf3ps05v753xzszdx62zk8s8f,1000
6363440,2026-02-08 23:41:50 UTC,pc1pt90ty5ggl8q6tpkwxmjymkmj382e7d5rfugnvz,1000
6363440,2026-02-08 23:41:50 UTC,pc1plvh30gv9c3f2g99ypdz9c7qc45kcn93htj339a,1000
6363439,2026-02-08 23:41:40 UTC,pc1pk4xjr3dll0ykw59g3mhg4rs8jczseaamn3qplu,1000
6363438,2026-02-08 23:41:30 UTC,pc1pf54k2p0vpp9zjps7kvhqw2q4clsuxv26fxgy26,1000
6363438,2026-02-08 23:41:30 UTC,pc1pjk7sdz97ul0nxtq94j0d5kktx0njdxe2rem5g4,1000
6363437,2026-02-08 23:41:20 UTC,pc1pfkx5vu3ykcyvm7jg2f449uycukvzqz7fc5jdp2,1000
6363436,2026-02-08 23:41:10 UTC,pc1pxljxryd7n2fykc25mqn949yt2wfursx0vrt4ek,1000
6363436,2026-02-08 23:41:10 UTC,pc1pe7duztty6vmxvflefwhvpk5g4yfn8v86yef367,1000
6363435,2026-02-08 23:41:00 UTC,pc1phrw3w0cyg6tm3ux3v4uxlx95xuek8eyy3qmggj,1000
6363434,2026-02-08 23:40:50 UTC,pc1p4smln8g7cxq89yxv0q8vm562kmc8cnyuqrxmzr,1000
6363434,2026-02-08 23:40:50 UTC,pc1pvum4mmj9xeuc6snm8d96egr0mhlhkkge90k8t7,1000
6363433,2026-02-08 23:40:40 UTC,pc1przrhu0ahj8nxafkha0fmdh3h3rlv06jzgmxcy0,1000
6363432,2026-02-08 23:40:30 UTC,pc1pj5dqeanrvkqskl0sgayw9s7l56dv6h5w22gygz,1000
6363432,2026-02-08 23:40:30 UTC,pc1pj0mtfggz06s7th6dnuc5cc22jjpcjqrt08azrj,1000
6363431,2026-02-08 23:40:20 UTC,pc1p7f6s7shqnxv3kzf3qvsfv0pvf5f47p627vpj5c,1000
6363430,2026-02-08 23:40:10 UTC,pc1pwnjz074jktjhtlw43s9r80utf8npp3j30rf02t,1000
6363430,2026-02-08 23:40:10 UTC,pc1pan3nrx3rtdpmhh8sk3ha4zgenmqkv59ft566ep,1000
6363429,2026-02-08 23:40:00 UTC,pc1pnqaqvvk89xgh5qm33462v3vcuyuncqqfwnn3q8,1000
6363428,2026-02-08 23:39:50 UTC,pc1pxkv3khzuzz6zhe8dsggxkrv3lw7jmr0e6nkav9,1000
6363428,2026-02-08 23:39:50 UTC,pc1ptzh5407ejt0v9rlm4w2dywls6ulsfs854kkgpk,1000
6363427,2026-02-08 23:39:40 UTC,pc1p8ua7h5cm6dgjmdjy0w6h6pscun7yt6gmhap3rp,1000
6363380,2026-02-08 23:31:50 UTC,pc1pnkc4g2a35845ecma2nm67qtymz2p5s3nc2fy3w,1000
6363379,2026-02-08 23:31:40 UTC,pc1plsclh6h3wd9p8rf3t5tng9kea3p9dzuqztj0mk,1000
6363378,2026-02-08 23:31:30 UTC,pc1pxnlvtrljw3t43mzmqns4978fcp8jqqlkpxtey7,1000
6363378,2026-02-08 23:31:30 UTC,pc1pgd4czl876aa7s00a2nkfem6fmflzfwpnjyh088,1000
6363377,2026-02-08 23:31:20 UTC,pc1p6dy7e4e43he3zmxvtpzxl8v65yy0gfu4w8vxyk,1000
6363376,2026-02-08 23:31:10 UTC,pc1pweu2vm5k9vdm0crg5gt3ekjucj0f6mc4myj5xl,1000
6363375,2026-02-08 23:31:00 UTC,pc1pfm3e2l5xak7q6gzajzmghq4hcec03x5wje6rt8,1000
6363375,2026-02-08 23:31:00 UTC,pc1pzefee8p9d3vua3hnq03wxwrk078fqzh6epy7ul,1000
6363374,2026-02-08 23:30:50 UTC,pc1pqrdn8as3rdjy8ystztsprcm5sju5tmzs4yuar7,1000
6363373,2026-02-08 23:30:40 UTC,pc1pvljw5ke7cut80c5fra50anvkxtnvmtzhtgcgr4,1000
6363372,2026-02-08 23:30:30 UTC,pc1prrwhzu9h3ckq9hhvzrtjkwstz7m9wa55twva5d,1000
6363372,2026-02-08 23:30:30 UTC,pc1px97rsjk04t6g8k6e8vqs2g695vlqf2wrtm0zcv,1000
6363371,2026-02-08 23:30:20 UTC,pc1p0zc96qja04898lm596k88zvykqk2ltdmxdtnn4,1000
6363370,2026-02-08 23:30:10 UTC,pc1p94sp9w6yp5dx6awj4tymcec8puh2qwl2znuthf,1000
6363369,2026-02-08 23:30:00 UTC,pc1pxwyjaqlpleedzhlq0a5tyr6qnfj6n8jkms6hyf,1000
6363369,2026-02-08 23:30:00 UTC,pc1p6xwc98thww92dr4d84cwfj78h2v2e6jd2yq5p8,1000
6363368,2026-02-08 23:29:50 UTC,pc1pmw2w0qpzyc0kdlhvlqcqf7fzkqmu4z9f04pgv8,1000
6363367,2026-02-08 23:29:40 UTC,pc1p5ma3mlwgffxuefgstp0juunpnkudz7qvqul78n,1000
6363366,2026-02-08 23:29:30 UTC,pc1pwn77ta2cx5kwy9kg2nwfmttkj8rkqphdpyacu0,1000
6363365,2026-02-08 23:29:20 UTC,pc1p63z56qapsdc8szp3gn9wyxqzc6dp75njtc5zz8,1000
6363365,2026-02-08 23:29:20 UTC,pc1p3gx2nwns3p8ghl7re6hpn4u6rn65vtf4arlpzu,1000
6363364,2026-02-08 23:29:10 UTC,pc1pamjgf73nev3gqkudvvrs50zpr7e4sak49ll6jz,1000
6363363,2026-02-08 23:29:00 UTC,pc1p8eruzupz67ce8ee4fwj6tqd8z74wu0prjj7uzz,1000
6363362,2026-02-08 23:28:50 UTC,pc1p7mxxjrjnu67ka58gwcar4zy9ykdy3ta4k0xhu9,1000
6363362,2026-02-08 23:28:50 UTC,pc1pwumwkp5fn29a8dg95d2yf3r6jukep7732zyh0z,1000
6363361,2026-02-08 23:28:40 UTC,pc1p8zse4x43dr8femv5jcrzmm2ascjgtdprz4r4h0,1000
6363360,2026-02-08 23:28:30 UTC,pc1p9elc76dnwvqd6ke9gjucyr0dm6x9ys8rfja7tl,1000
6363359,2026-02-08 23:28:20 UTC,pc1ps4jgw6p70wwaf98fjkx3j8yjfj8c67w45zt06e,1000
6363358,2026-02-08 23:28:10 UTC,pc1p8wp9q2d9yl9mwcnk4dpd95ulu7kzzgzh0m9wuu,1000
6363357,2026-02-08 23:28:00 UTC,pc1pjarnwaulcwq9klet94ekr55urrej6q55rds84t,1000
6363357,2026-02-08 23:28:00 UTC,pc1pafq54zuh4j4w2dw3aemgcjtv7vh4fvu9kce24f,1000
6363356,2026-02-08 23:27:50 UTC,pc1pf4v5unr5n962udez7020aptrs9lk70wx80wd3e,1000
6339424,2026-02-06 04:59:10 UTC,pc1pjeqanpt8avwhpj4qawgeyh4tvjjcj4z9ae3mmu,1000
6339423,2026-02-06 04:59:00 UTC,pc1pehyh2s8cl8uczcf2slj5k8el8z0wm6mdg68vyx,1000
6339421,2026-02-06 04:58:40 UTC,pc1pj7duqms3e02mzh56gzccjv6qhc8pc4ytldhve0,1000
6339420,2026-02-06 04:58:30 UTC,pc1pd7zdl4zehnlt980j9eqjmrz4vzpeznrv093dp5,1000
6339417,2026-02-06 04:58:00 UTC,pc1p9m2zxytdwpec5cuf93jxus05cafzatev8y2hk2,1000
6339414,2026-02-06 04:57:30 UTC,pc1pvymkf3dhg3ffasu96r3pmsexzqz7ar4pfxlex9,1000
6339413,2026-02-06 04:57:20 UTC,pc1p65elkslxamec0xjw2tagzxpkts0velfq90qqpv,1000
6339409,2026-02-06 04:56:40 UTC,pc1ptuxafjyhyq20g3kc9n4z84pmft29gd04jgpuy9,1000
6339409,2026-02-06 04:56:40 UTC,pc1p6092zdly8374p6dq6rku523qavrdunktqjdrq3,1000
6339408,2026-02-06 04:56:30 UTC,pc1p5xd06awzg794h9ts6xsqmf8kdy7e3dj4yd4cde,1000
6339407,2026-02-06 04:56:20 UTC,pc1p7wlf8x4k4exn9y9seauyr7j7t45wjjr4h7d8xm,1000
6339406,2026-02-06 04:56:10 UTC,pc1p65ghee8rnxyua02knu83vhly3vgsafcra8yd5c,1000
6339405,2026-02-06 04:56:00 UTC,pc1pccwg7r5mucfwxlelxpgr5xv72gx2jl64q5838h,1000
6339403,2026-02-06 04:55:40 UTC,pc1pcyvkd5drdq4h926ktuytyqpvl77easpsuuxnkz,1000
6339403,2026-02-06 04:55:40 UTC,pc1p4sxtgcxlk3se0qql9qcff7wdu3q0pvszrl22nf,1000
6330036,2026-02-05 02:54:30 UTC,pc1pjdqkuazwcacev5c28d4z8429rrxcgcegu7nnj0,1000
6274537,2026-01-29 16:44:40 UTC,pc1pdp37jf53xedywl5m2xgx2eddd4tukyxxeqqvtq,1000
6274535,2026-01-29 16:44:20 UTC,pc1pn74cj4c48fva5sf4txeqpsrvc9pjx48xcrrw4p,148
6265350,2026-01-28 15:13:30 UTC,pc1p0xlhjg2dtk8rtre88rze4svau5q3j0r8z5ugg6,1000
6247253,2026-01-26 12:57:20 UTC,pc1pz3jcre3lae75stckglk3vf84ld5y0ktytlkqsx,1.39
6219693,2026-01-23 08:23:30 UTC,pc1pm8ntawds2fczqglp5rjryc3h6fghugpyy8lfh3,1000
6219693,2026-01-23 08:23:30 UTC,pc1pxprazcw0levs48vqe5rz3cfdxucgxurfw25v77,926.48
6219692,2026-01-23 08:23:20 UTC,pc1pdx2mgz9g5damd4x0wzjrh0zpv8d448zadp37lr,1000
6219690,2026-01-23 08:23:00 UTC,pc1pc0wamk2jgxz93jpa3kpmefde2fu3ht3yr330dq,1000
6219689,2026-01-23 08:22:50 UTC,pc1p4xmjv94e4navxpseze427cm39vynd2ptuve2cf,1000
6219688,2026-01-23 08:22:40 UTC,pc1pekm0aucc67tushlw6w6uayx9vhwyk3umvc5jlq,1000
6219687,2026-01-23 08:22:30 UTC,pc1pjk0vvpvvarsymrj7pfxnrzdxhc5uhdzjnr4yav,1000
6219686,2026-01-23 08:22:20 UTC,pc1prkvdceu7ncn2hqfe6szhee803tngew70evjasm,1000
6219685,2026-01-23 08:22:10 UTC,pc1psuhs3cvthytan4m38yfrxj9h6ku3sey6qq63nr,1000
6219684,2026-01-23 08:22:00 UTC,pc1pwn6qcv4enwtnftmqvat2cl66hax656dqx0elrz,1000
6219683,2026-01-23 08:21:50 UTC,pc1pkpydf6wejpzpxt6590p23gscqncczscceyuwkh,1000
6219682,2026-01-23 08:21:40 UTC,pc1pnx4cytkg7yjskaqpvag4s2zgxghh6k0pey45dd,1000
6219681,2026-01-23 08:21:30 UTC,pc1p0ggdtl6sdl0ccjtwasfqcr0ypjwl8hrc92yvv8,1000
6219680,2026-01-23 08:21:20 UTC,pc1pasj74wfk709rtkwqk5u08ly5ml35hravsn8pw2,1000
6219679,2026-01-23 08:21:10 UTC,pc1pz56ftrulfwaljgrl4fcdlgdeewau4earj26dys,1000
6219678,2026-01-23 08:21:00 UTC,pc1p5qnlyrkvqnqh3j7f4td7w3r3ahlttvxysce8rc,1000
6219676,2026-01-23 08:20:40 UTC,pc1pvd2p7ae735pn6gr5tspp5z6ckylk7a2afeldlc,1000
6219675,2026-01-23 08:20:30 UTC,pc1p4kv587943y7y0nfkphc5xda7rg909csmkzk6w8,1000
6095143,2026-01-08 22:25:00 UTC,pc1p0lnkt5lkf95wul9g68fumdl8fy4exg8d0mdupv,428
6095122,2026-01-08 22:21:30 UTC,pc1pssda0x090tthwmv7nc285p5n93kwtdekzp3l22,753
6052910,2026-01-04 01:06:10 UTC,pc1p89sxa4luj74ztkrnf3z3p88mmf2qqsw3wktcte,1000
6052908,2026-01-04 01:05:50 UTC,pc1pv3vqwhh2m759lzadak3klsprhkf22dqeqfytza,1000
6052906,2026-01-04 01:05:30 UTC,pc1p9j6v8h37jp7maxkdjz3rtcz020lqgvgk4u4mfv,1000
6052904,2026-01-04 01:05:10 UTC,pc1plquhlrgn9ufpvthhrzy3n9z8qqzjmzhdsatgyw,1000
6012979,2025-12-30 10:10:50 UTC,pc1p2llg97g8y6ga4c5ehcy0anejcvv2le32qhdzsw,1000
6012978,2025-12-30 10:10:40 UTC,pc1p2ch7guv6a6rcpwyrxu6rlleddcej5cfswdgryv,1000
6012976,2025-12-30 10:10:20 UTC,pc1p07zhfddqmvv47lyxk4xtjfuwzyyfwksg07pmar,230.1
6012975,2025-12-30 10:10:10 UTC,pc1pr5hnhthdl0gtyzrgl2nadfxw0gnnh4dhddg556,215
5652203,2025-11-18 16:00:00 UTC,pc1p0d8x933ezzhwu53u46ut8v7tksaaq3huy38xkr,1000
5652201,2025-11-18 15:59:40 UTC,pc1pyd7ka4wn3er2jfwgc83rkzqgeqqhd7npwgszup,1000
5619497,2025-11-14 21:09:00 UTC,pc1pfvjscqwhk5dd737m0f8ndk0n5a46af26c6mf63,1000
5471088,2025-10-28 16:54:10 UTC,pc1pjzgp9jqxzqp5ljjvvrp2znscet6a77asxdqddh,10
5454346,2025-10-26 18:23:50 UTC,pc1pcy8r9e4t44nkqhx64jsd80rdcv96q55qh0ujcu,1000
5439838,2025-10-25 02:05:50 UTC,pc1p02gfs6gwvdmx9529kar8lfmygfu3kjp9h823fn,1000
5420491,2025-10-22 20:21:20 UTC,pc1p3cqqwnrwjmx9xyrt9rxvataf2cwl3jz6u8say4,98.2
5399324,2025-10-20 09:33:30 UTC,pc1p4ca0yztgpfqr8spmkwmpf0c0waw5qzyrpjs9dc,1000
5399323,2025-10-20 09:33:20 UTC,pc1pesf0g6l9vqqtn9d9qcduwzuhu53hggdtjfp0qd,1000
5399321,2025-10-20 09:33:00 UTC,pc1pq2zgcuw5daaskvdunu2y9zzk2xkc408wl3xrlh,1000
5399319,2025-10-20 09:32:40 UTC,pc1pwv83xp2j9v96674hd24qhdg6sdnd8njctj8r4m,1000
5399317,2025-10-20 09:32:20 UTC,pc1pzydlkcz9jh2f6s0zrt0e3ea50tk5l7ytjmyp4q,1000
5390301,2025-10-19 08:29:40 UTC,pc1p5svwmst8tkkshk9kjccu468ajpas280ygms9n0,1000
5390299,2025-10-19 08:29:20 UTC,pc1p7cymgae6yd8q033jc36weuut0v9kntvp7mrs3g,1000
5390297,2025-10-19 08:29:00 UTC,pc1pc94x3yg00gllzc0dz2uduz4svxgevjxjg0w2pj,1000
5364983,2025-10-16 10:10:00 UTC,pc1pt64spllee9q5qshvhyeqkrecwvksjzw26hlv6d,1000
5364771,2025-10-16 09:34:40 UTC,pc1pkr2zp766x2u5a29ckel8tvj50c0hdcxf3e58zh,1000
5349262,2025-10-14 14:29:50 UTC,pc1pyute7xhr52qrp9e0xzc2sjq98gk822ldhc4qfv,1000
5341968,2025-10-13 18:14:10 UTC,pc1puphx0fc9td6mfdkk54xrvnzhdzfxk6y58lru3y,1000
5314950,2025-10-10 15:11:10 UTC,pc1p6neaewd8cwdhy9rq89nq0q7vqc3hf7g5t0q6pr,965.79
5266596,2025-10-05 00:52:10 UTC,pc1pdpwzu3uwz7asz63r84mz422hf433c5ptrsy8dg,1000
5224602,2025-09-30 04:13:10 UTC,pc1p2ces3gjwvjg6aaxmykgphppk5hj5fe7erpvygm,1000
5224579,2025-09-30 04:09:20 UTC,pc1pafexd78p9f6w37rrz40a96p44kup8v6w9xcr0x,1000
5224486,2025-09-30 03:53:50 UTC,pc1pypac02n6jcpzw6cmmwqcqechejrkf2473v8k9s,1000
5145670,2025-09-21 00:57:50 UTC,pc1ppxnkyy00qtapq50kpf9zd63m9egjur7v7kvw7g,834.8
5073024,2025-09-12 15:08:50 UTC,pc1paqzgzeyncq6gckjdg7q6nar6eqcrth9xek66dp,1000
5060304,2025-09-11 03:48:50 UTC,pc1p9wf76m0p6xl7sn880h7qqvquk8vxylcgklrtfr,161.5
5047442,2025-09-09 16:05:10 UTC,pc1pcwdc97tnw2ms9pjmk09fyv0dw6ch0val56px2z,877
5033675,2025-09-08 01:50:40 UTC,pc1pp2lqn7m8vx7csacm65dtvx2rjxwwr0hva30fn2,1000
4991132,2025-09-03 03:40:10 UTC,pc1pch2ql5cjfj3h8fujyhv9mdd94ug7mpx53mn60a,10
4991130,2025-09-03 03:39:50 UTC,pc1p5pyvgfg35alpn87ynafrljpekcmvxv6caynlg2,10
4991129,2025-09-03 03:39:40 UTC,pc1pzc7kg9rjssns05psm9tvjx5a6lpr6ph8qryjkw,20
4991127,2025-09-03 03:39:20 UTC,pc1pau5a5m8ksrrwtt06mxjahpsz06775c73uuxh58,10
4991125,2025-09-03 03:39:00 UTC,pc1pz833spvanf56qcferus7dpz65tdhnw6w0ulza0,10
4991124,2025-09-03 03:38:50 UTC,pc1pz28gcej5m5vrxunssskg4jfezj408zdkh99rlf,10
4991121,2025-09-03 03:38:20 UTC,pc1pph5zmqa0s5p2hwuvneqa3rp98lgc74t0gx2d7z,20
4991120,2025-09-03 03:38:10 UTC,pc1psajpr428echfv0adnzj38whyfqpgf0qhujmk26,10
4991116,2025-09-03 03:37:30 UTC,pc1pp0xt8j7yrpy88tgvr6fdw6w4gefn2mtcx55fa8,25
4991115,2025-09-03 03:37:20 UTC,pc1p507rxdhqav7uxku0ldha6dmucc6hfgen8ecx0e,20
4991113,2025-09-03 03:37:00 UTC,pc1p74x89hvcg07ajrwusycwlwkvnekzt0dftkhln3,40
4926848,2025-08-26 17:05:50 UTC,pc1pmgwsa2unasxrnyk8ehlcus5gtmurtrekf7g9kc,1000
4926847,2025-08-26 17:05:40 UTC,pc1pgwc8tf8xq7m7p2hl7vjckmcv3h6th9zl4rxw37,1000
4926846,2025-08-26 17:05:30 UTC,pc1p298c2394zefmslmmyxxjfgn2da6jq4xrltmpxp,1000
4926844,2025-08-26 17:05:10 UTC,pc1pvn8xls9ztg33643kqnns0w7ycn5ayrfawzc5dc,1000
4926843,2025-08-26 17:05:00 UTC,pc1p2hwsq9kk0ppdl6u0ccj4yxegrgu2wj58a760yj,1000
4926841,2025-08-26 17:04:40 UTC,pc1pprqh8eu8sqkjn63ps30h0jz8vhc507qw7cv505,1000
4926840,2025-08-26 17:04:30 UTC,pc1pdq9fnzhzecrhs7p2va0mq9pqex4hptylguusrc,1000
4926839,2025-08-26 17:04:20 UTC,pc1pezduc3u7j7vqqt83jf5a7c02l7xyauvjrcgqua,1000
4926837,2025-08-26 17:04:00 UTC,pc1psy32vc49860eyu5el0xz9wlvgzsl6fe6hmrwqu,1000
4863526,2025-08-19 09:12:00 UTC,pc1p6eutag5lupq0zz07y94d56jw9qhvu5n7guevma,1000
4667091,2025-07-27 15:32:30 UTC,pc1pp2a73eks5tef49wdemt9mcnpjf7rf4gqcf7280,78
4537332,2025-07-12 15:05:40 UTC,pc1pk20wpvmhxh0sltp4j7c9z9efx0222zy8rcfpdj,1000
4495834,2025-07-07 19:49:10 UTC,pc1paqk3qn9h4fu75tu3yzevzxw0q98pkk6e924jq7,298.5
4227913,2025-06-06 19:29:30 UTC,pc1pek27zzf2sfrg3avu8cvx00h3ah5xrl8jhug9wj,1000
4227908,2025-06-06 19:28:40 UTC,pc1pdw49fl8duny7cunq4yu3z2d2mm3p3js8nmrjgt,1000
4101047,2025-05-23 03:03:50 UTC,pc1p7vca738uu5ewqsear93rpxh23an2ug5c4dmzhs,1000
3949953,2025-05-05 15:21:20 UTC,pc1pe5mm6ktt2t8tv4waujqurvapep2t8j5tutkmcm,1000
3796486,2025-04-17 21:03:20 UTC,pc1prnqtm24l0suxt0fj0v4l423rhjcmusmasjkpa7,1000
3726426,2025-04-09 18:26:40 UTC,pc1p524xxvml4446cxfkm3tr4kjkn3ap9c42sd395u,1.99
3669549,2025-04-03 04:27:10 UTC,pc1pa66fjla709u85wk3ph707rkyqjs0z348pfd58t,490
3552338,2025-03-20 14:52:00 UTC,pc1plw9mnhes4jqe6ch38c894slq4ay28qrc5mjtln,16.3
3534513,2025-03-18 13:21:10 UTC,pc1plx772q7nmnv6e2dpcclky7sylyrdvs2ljrkpru,9.99
3343094,2025-02-24 09:37:50 UTC,pc1pwh2y6sc8k24ylqxjyp8apejp0a0pflpn9n9lmt,66.99
3338035,2025-02-23 19:34:40 UTC,pc1p6y9pkcqqdt7g7wy3cu5rn8znvgm799r95wxl2r,1
3283805,2025-02-17 12:53:50 UTC,pc1pjfl7c9cw9de5ymk0v0yykdglk399zayh38tpnu,18.98
3280470,2025-02-17 03:38:00 UTC,pc1p28m7k2j9sm48u7qn99pzmuw0zclpcwj38yqnq9,2.99
3272403,2025-02-16 05:13:30 UTC,pc1pteswxe7cqrfyturazy8uvr32a6nwgzzx52zs7y,600
3187727,2025-02-06 04:10:40 UTC,pc1p0jwezvwvvrtntur043uegq4u2r6r65spwds7mg,600
3152784,2025-02-02 03:06:50 UTC,pc1pj69k7gspul8k2dwxmfka6zh94vypq78srlcf2d,1000
3152775,2025-02-02 03:05:20 UTC,pc1p7x64nmj3sk589hz2fe0y0c2d7nec8hw5rdnl6l,111
3137754,2025-01-31 09:21:50 UTC,pc1p7x2h6l4c54hasn6uewk3m33lekt8g73vupcfsl,9
3069845,2025-01-23 12:43:40 UTC,pc1p5hcv8l3puxms8jpwctk0df4d07rpj96nwtpvru,1000
3069844,2025-01-23 12:43:30 UTC,pc1pw3ua3q3jv6h9snn3awj0rlw8qwm2zxlz8tj40s,1000
3069838,2025-01-23 12:42:30 UTC,pc1ph6m3nj2q9rh2qawy64yvjyvrng2zm2ar7d68v3,1000
3069837,2025-01-23 12:42:20 UTC,pc1p7sdjzpzzejhs7l0wrv36uyh39dm8jf8rurm53g,1000
3069830,2025-01-23 12:41:10 UTC,pc1pylg65m29l8q86wv22xmjnjtusy9dg4qd7pxkkt,1000
3069829,2025-01-23 12:41:00 UTC,pc1peptm55kytku9mt6x8akdy8lz4qsewhn8ha87nz,1000
3048031,2025-01-21 00:07:50 UTC,pc1plt0s94spaczfxt6hjvrmd9ehnlnrdcqwqzj4mq,505
3048022,2025-01-21 00:06:20 UTC,pc1pjh3znh5q7wad8xs2yhrt535uhm0kk9wdt6wc5a,505
3048015,2025-01-21 00:05:10 UTC,pc1pzuy9atc6j2kagdx9j55r59rzy92yspgfwxnv34,504
3039045,2025-01-19 23:10:10 UTC,pc1p8k5c5z0j6r52h9aq9q5vhhjmraqpw70rhykv4q,1000
3037872,2025-01-19 19:54:40 UTC,pc1ppx537p020ak0yakyvanthwfk382pd26nsfyx9g,50
3012821,2025-01-16 22:19:30 UTC,pc1plrvuu6zy8jzdncsyzas6ajchnxrcuyh3r0fg46,845.03
3004208,2025-01-15 22:24:00 UTC,pc1ptxagd2cqpz932tqcfzpwdd76dhdegjdm84atal,250
2984531,2025-01-13 15:44:20 UTC,pc1prhz8j6atceq0flhhgzaydmqu6ccynnm7wdxrpd,169
2963537,2025-01-11 05:25:10 UTC,pc1pkmct5ezrupdyp7mgrjlmdn3nyw3n9aujwqm7f5,1
2947234,2025-01-09 08:07:50 UTC,pc1pddhjhf8ykqqy5jthjfdj26np6gdw3e0l7vcvpy,191
2943716,2025-01-08 22:21:30 UTC,pc1pzjtkmrhlhtujacqf3vkm29z69dx4m4wazmukt0,7.59
2941238,2025-01-08 15:28:30 UTC,pc1ph5tprn09pwhx6rquz09nus0hm4a6cjlk2jwc74,1
2890705,2025-01-02 19:06:20 UTC,pc1p8fffxvedj5lglt3qckylgg9prdz79fcjwkgld2,2
2744779,2024-12-16 21:44:40 UTC,pc1phclss82vvvs50gt6g7v095wzkyc4ea8fmtmfun,1000
2704921,2024-12-12 07:01:30 UTC,pc1pw2f5wkyy0s9n40trc78v56xn5tnkl8z85lap04,1
2691128,2024-12-10 16:42:40 UTC,pc1pupupum8nnltung2aqptrrpj7kwfcd2uq4fakxf,300
2598119,2024-11-28 03:16:20 UTC,pc1p0ju9a8m6qal2e6e48pa8md6cjxrtzqeg5clps9,600
2545101,2024-11-21 23:12:10 UTC,pc1pgw08zddnwh79e049cy7lp5n8xheupakwveygxu,79
2544342,2024-11-21 21:05:40 UTC,pc1pc29emq9ag9y5zkpyap9yymes5n5fr46a9m9zsh,1
2536012,2024-11-20 21:57:20 UTC,pc1pu3zen5l6wf3usnpz0lv0r7x0sdjldwfme8xpsl,728
2463308,2024-11-12 11:59:30 UTC,pc1p5fwns6vy567pyv04pg7xf7t0m720klrh0n54pm,6.1
2451932,2024-11-11 04:23:30 UTC,pc1pxuv89ksdn5xxauum4sawl003z0p572vmp7unm5,10
2386549,2024-11-03 14:46:20 UTC,pc1p2vz809xqcf27xa6e5n0rnw96fzfwyagx4q9jw8,104
2300510,2024-10-24 15:46:10 UTC,pc1pv0l96lqzfmahhxvpwe7t7wumczqxzck6fmrafv,1
2264703,2024-10-19 23:18:20 UTC,pc1p8q833qeu0gfe56t8untwznnhrgv7hwavpv7zp8,441
2264702,2024-10-19 23:18:10 UTC,pc1pprssg4szhv29d434vq22759grewjsp3qf7d9l0,1000
2219477,2024-10-14 17:39:40 UTC,pc1pvh2xvn4jygepalqlqnc7evymtvc8f3hrqqly6u,91
2182664,2024-10-10 11:24:00 UTC,pc1pzd557wrepx8warq285l3ksvgs38ccfchk50nr5,135.8
2182661,2024-10-10 11:23:30 UTC,pc1p8wyt2s3l0n2yq5kvmyyzhqtf2sngpuar3npney,179.89
2173214,2024-10-09 09:08:40 UTC,pc1put9y4u4hc7cufr7pae926f8mhhjzyf49andtwc,4.00000003
2125208,2024-10-03 19:47:10 UTC,pc1psw8q44x9waxczrkyhqa33gamwtxswcdpmr2na0,49.99
2063376,2024-09-26 16:00:30 UTC,pc1pjq3nvxw4qqdu33900jeq8jff76vqw8cjnlzkan,468
2005674,2024-09-19 23:43:10 UTC,pc1pwz6r2jgx67ejvvyqu6z0mqfclp7s7lw869kjaw,1000
1879431,2024-09-05 09:01:50 UTC,pc1pz3caw43sx7a7mlyat3r2f376smsn0sezegt3jk,2
1623486,2024-08-06 18:03:30 UTC,pc1pmwj7nv0hq5j98nfe5ls72auz7plvha340d38q7,2.00000003
1340527,2024-07-04 21:27:00 UTC,pc1p0klff97m595drzpp9hf987803jt9qvnyy45r6d,150
1340525,2024-07-04 21:26:40 UTC,pc1plx2gpsw90v6nf86epc6ktzurhp48hajztu8eng,193.0001
1226516,2024-06-21 16:35:50 UTC,pc1p9vc9lzmwj477953w35c82k2x73gjt9hr5knjmj,1.69
1184007,2024-06-16 18:27:30 UTC,pc1p0y090wgae6g5flv76jtepd8vt4yusskte0jp6r,19.99
1143327,2024-06-12 01:25:30 UTC,pc1pld3r8t7lhckx6qjpcmdq9xa3zyldwarecxt9wn,150
987794,2024-05-19 15:17:10 UTC,pc1pagvefxvvdk53q3xpk8x880caxhsgzu9yxrdrlf,316.793000472
987794,2024-05-19 15:17:10 UTC,pc1p0a7y69uet2mywpz0n4gq2h3mlthl73lxmhycrs,323.2802894
987794,2024-05-19 15:17:10 UTC,pc1plm4m9lemgya6rwxd2mj0yrkpccl9hmauj9x5zj,319.97534072
987794,2024-05-19 15:17:10 UTC,pc1psgkl7spshu77lzjjjgtp0u27c9h2vegkg9kc9d,332.69552545
987789,2024-05-19 15:16:20 UTC,pc1pcwj80hucpavu7afegf637k4n47msa7wdseht75,322.894710501
987789,2024-05-19 15:16:20 UTC,pc1p6q4j3ww2epg3qguwfq7tj064evxr4ftssn4xzg,321.901299878
987789,2024-05-19 15:16:20 UTC,pc1pkcpmph3fjk0n8j44vl64fdyf49sdr208520v7p,323.092300631
987789,2024-05-19 15:16:20 UTC,pc1p8vdsus6xr0k2fe7uwxhdjelykh6yussn66yyae,337.79299856
987789,2024-05-19 15:16:20 UTC,pc1p3gey5j93w56l6crk8pgp6f5wsgaeletr409s5t,229.604167473
987789,2024-05-19 15:16:20 UTC,pc1pgwg74g0kjv6n0ypr25qej5g6q6ruxg25rc77k9,338.27937051
987788,2024-05-19 15:16:10 UTC,pc1pqx6lw9azqld7dx0jllknk82kff4u0jvyad50pr,332.896400063
987788,2024-05-19 15:16:10 UTC,pc1pc8jg074he0rqvfhfudjnj5rga4gh02uxqa689r,317.092700433
987788,2024-05-19 15:16:10 UTC,pc1pn8r3cnn5ls6m7n2vezte3rjxf7934fmezhjy94,352.480490741
987788,2024-05-19 15:16:10 UTC,pc1pkllrnx0qy7tmhrsgtvgaz59yawgg7nmd5azyvp,330.47350044
987788,2024-05-19 15:16:10 UTC,pc1phums846hzztjwsn440ajfxrtnntnklazruh62h,335.79510048
987788,2024-05-19 15:16:10 UTC,pc1pg6ps5sprlz3cphkvw28y3lum4x3kdd59vh9d0n,325.508599899
987788,2024-05-19 15:16:10 UTC,pc1phc3k79n2cpwyp4dhnk0d44w0k7qmekyg3saqc8,319.095200062
987788,2024-05-19 15:16:10 UTC,pc1pvx40y5r7ey0fwf7prja2yrxywuqzhj8zkp67qy,323.397750146
987788,2024-05-19 15:16:10 UTC,pc1p8464y7cwgam8gkvguvqx260lvplfdu45c33ky9,328.793700479
987788,2024-05-19 15:16:10 UTC,pc1p5ycdtt9ugr5s0m3we20wjlt73zd25gslc704le,318.286295954
960696,2024-05-16 11:50:20 UTC,pc1prjcft4xedsltc7clyvl0q8jtdt87ffqlfld0ps,100
956740,2024-05-16 00:49:40 UTC,pc1p024eee5dy3hv2td7nq8tumjd59gtfmxaj85ca5,1
835275,2024-05-01 21:28:30 UTC,pc1pdea7z40agczfy4udc56h0y05fs047l6ycw4xgy,63.998
823180,2024-04-30 10:57:20 UTC,pc1pf7xev7gussl6j4wpdyqu8m6rswdrferzyv3vp2,66.598
788182,2024-04-26 09:15:50 UTC,pc1p3thqngq3puvm49p60khvhagmqxxkljg8fgfnex,6
742099,2024-04-20 21:02:00 UTC,pc1pdqtfhng3l0hnd38segnyf787x2l68fanmf29sx,150
704438,2024-04-15 23:12:00 UTC,pc1pz6uy5dlktt6l4434w5nqmp6qjr67d3umq5795q,51
704185,2024-04-15 22:29:40 UTC,pc1p9hsxwd6zfupv45vpe2ccpn97c3g3lu3ugukzee,84.3
700118,2024-04-15 06:32:10 UTC,pc1p5n3kdczraznqf8j8xu5zwszz32sjc2c3scd4t2,409
698058,2024-04-15 00:02:30 UTC,pc1psvlx7v8yhqu05v5rrpwygtweae44vemr79telt,49.977
698053,2024-04-15 00:01:40 UTC,pc1pe8qctuytfwlpgeutjnv526pkpa0sjguq09k252,29.97
698052,2024-04-15 00:01:30 UTC,pc1pl6z0nusdkprg8p2y9d4pt33z6rjjnznjuz5xft,61.999
698047,2024-04-15 00:00:40 UTC,pc1pyvh8hs8r84h9a7hgh83wn36j24n8zctacgenqg,328.687
655948,2024-04-10 03:01:10 UTC,pc1p23l6y4xctra8n8r4m7w6drjxtnf9xazc65e9m8,10
518307,2024-03-25 04:25:10 UTC,pc1p7gzphjj0zdggqk6teltcn3ytlhm5lapytqwhvw,3.99
515449,2024-03-24 20:28:30 UTC,pc1pqmrhqfm85v52yhemqan8d4ts37ywnnj5v2gsge,1
479712,2024-03-20 17:10:30 UTC,pc1pw087s9gu7c9yt3v40lkgk72n935fc59tq6wy3a,1
474743,2024-03-20 03:21:50 UTC,pc1p7sr68uxutrg07m6mvewxd0cytjffshlpwuum8m,1
465929,2024-03-19 02:52:40 UTC,pc1pdg83m4f26r9q4f2nydt80pjfj4d48wmfu37fzf,80
464018,2024-03-18 21:34:10 UTC,pc1pcwju3y4y24hdwwuupkjtl8rnpzm0lawgz7ju9u,1
447601,2024-03-16 23:57:20 UTC,pc1pmhx04jdyhlpx3v2v9k7tvekad4wuleypwnzfde,10
423364,2024-03-14 04:37:10 UTC,pc1pn33gaxuu89ej64jh9h58ax4yq8t8cz7h2m086g,24.2
423361,2024-03-14 04:36:40 UTC,pc1p2fpv23fpw2we04auqff9t0m3cgwdr3yauhmr6e,20.5
423353,2024-03-14 04:35:20 UTC,pc1p0s977vw6c8ugscn03d044069ppkqujzh7cdltu,41.3
423343,2024-03-14 04:33:40 UTC,pc1pjp34y7hn0fmuu6uqky5hldg4u97jy46klrhntd,48.6
423341,2024-03-14 04:33:20 UTC,pc1py79w987440s7s9jgvgjdahusu7hq4kqdzjcmmz,47.2
423339,2024-03-14 04:33:00 UTC,pc1pe3w7caacu88fmh9uf6p6rrnn6vg2uuwl8mumhs,53.1
423337,2024-03-14 04:32:40 UTC,pc1pzf4xq0d4qkqf8knsedrwmm4a0pcu369gw2up88,48.6
423300,2024-03-14 04:26:30 UTC,pc1pdany4prxuzcsy4742d3qw9pnz0yyzul34r9ac5,39.6
423298,2024-03-14 04:26:10 UTC,pc1pckwtxmg8hzpg0jle8rrde7zxnhzdzd57rhftzr,56
423294,2024-03-14 04:25:30 UTC,pc1pc9ue7eydhdkkjff8e3wknzrh04cfkwvayxjejc,49.3
423272,2024-03-14 04:21:50 UTC,pc1puaq6hmy8af9c36tzje3rsr7k9qkydk25jvtjmz,54.8
408759,2024-03-12 12:02:10 UTC,pc1ppk32m05l98r6tsrjhxtduavhmgatgcz03rtz5w,2
397072,2024-03-11 03:33:40 UTC,pc1pstv8djjcjenv5ajhu5hauwv72kkhg23qsse3vj,10
397056,2024-03-11 03:31:00 UTC,pc1p0feussuy0a7r8lnxf4l9pxrky8y066cn02chfk,10
345694,2024-03-05 04:48:50 UTC,pc1pzccarnakkaurrt9jp9sucwcfps9ymvcphct224,20.98
298673,2024-02-28 18:10:10 UTC,pc1p7u8ew22m7rcraplccpacx67ew3sl3af08rnmft,7
270982,2024-02-25 13:14:30 UTC,pc1pn0percvyux2uuyktn7zgwke8t9wsa4yl2gdc4k,17.89
227714,2024-02-20 13:02:20 UTC,pc1pssm6yndfa6dlqc3t4x3myw9uzdn8p498x38mmy,15.899
208862,2024-02-18 08:40:20 UTC,pc1p2ev2ek6jl4n877rflr6vjf6w5huca7vm4a3hgq,21.299
201239,2024-02-17 11:29:50 UTC,pc1pcv3t2wr3khzu389egp9jy98r8x5p32vshsjwms,8
192711,2024-02-16 11:48:30 UTC,pc1p0aryd24ufcl72n5jtm8fnt352d7jldypzdmg4y,90.49
174888,2024-02-14 10:17:50 UTC,pc1p39myqxjxkddtdfxndxutupcwapph45kkz92dsp,41
100815,2024-02-05 20:30:00 UTC,pc1ptqjqzlpxgz8sles5p2nuh9qhjklyupystrsk5r,1
100746,2024-02-05 20:18:30 UTC,pc1p2jn59n783he4rkk5p86dqz9mvrs7pspnp7h9e2,29.4
